Title,Explain,TestPoint,Answer,OptionA,OptionB,OptionC,OptionD,OptionE,StyleType,AllTestID,ATestID,SrcID,SbjID,CptID
核酸对紫外线的最大吸收峰是在,核酸根据组成的不同，分为核糖核酸(RNA)和脱氧核糖核酸(DNA)两大类，DNA和RNA对紫外线的吸收光谱范围为240～280nm，对波长260nm的光吸收达到最大值。故选B。,,B,240nm,260nm,280nm,300nm,320nm,ATEST,41000011,,9,37,35
DNA碱基组成的规律是,DNA碱基组成有一定的规律，即DNA分子中A的摩尔数与T相等，C与G相等，称Chargaff定律。故选C。,,C,(［A］+［T］)/(［C］+［G］)=1,［A］+［T］=［C］+［G］,［A］=［T］、［C］=［G］,［A］=［C］、［T］=［G］,［A］=［G］、［T］=［C］,ATEST,41000012,,9,37,35
反密码子UAG识别的mRNA上的密码子是,每一个tRNA都有一个由7～9个核苷酸组成的反密码环，居中的3个核苷酸构成了一个反密码子，这个反密码子通过碱基互补的关系与mRNA上的密码子相互识别。反密码子5′-UAG-3′可以与密码子5′-CUA-3′碱基互补配对。故选D。,,D,GTC,ATC,AUC,CUA,CTA,ATEST,41000013,,9,37,35
细菌经紫外线照射会发生DNA损伤，为修复这种损伤，细菌合成DNA修复酶的基因表达增强，这种现象称为,DNA损伤时，修复酶基因就会在细菌内被诱导激活，使修复酶反应性增加，这种现象称为诱导，D正确。DNA损伤为各种因素对DNA分子造成的破坏，A不正确。DNA修复是细胞对DNA受损伤后的一种反应，这种反应可能使DNA结构恢复原样，能重新执行它原来的功能，B不正确。DNA表达指基因片段(DNA)转录成mRNA及mRNA翻译成蛋白质的过程，C不正确。与诱导相反，如果基因对环境信号应答时被抑制，这种基因是可阻遏的，E不正确。故选D。,,D,DNA损伤,DNA修复,DNA表达,诱导,阻遏,ATEST,41000014,,9,37,35
组成多聚核苷酸的骨架成分是,多聚核苷酸就是指DNA或RNA，DNA-般是双螺旋结构，由四种脱氧核糖核酸组成，每种脱氧核糖核酸由碱基、戊糖、磷酸组成。RNA-般为单链，由核糖核酸组成，每种核糖核酸也是由碱基、戊糖、磷酸组成，只是它的五碳糖在2号位多一个氧原子。两者的骨架均为戊糖和磷酸，D正确。其他选项不符合题意，故选D。,,D,碱基与戊糖,碱基与磷酸,碱基与碱基,戊糖与磷酸,戊糖与戊糖,ATEST,41000015,,9,37,35
组成核酸分子的碱基主要有,核酸包括DNA和RNA，DNA有4种不同碱基。根据它们英文名称的首字母分别称之为A(腺嘌呤)、T(胸腺嘧啶)、G(鸟嘌呤)、C(胞嘧啶)。加上U(尿嘧啶)，是RNA的主要嘧啶碱。共有5种，D正确，其他选项皆错，故选D。,,D,2种,3种,4种,5种,6种,ATEST,41000016,,9,37,35
下列关于DNA碱基组成的叙述正确的是,DNA的碱基组成具有物种特异性，即四种碱基(A、C、T、G)的比例在同物种不同个体间是一致的，但在不同物种间则有差异。E正确。B、C、D皆不正确。DNA的四种碱基配对规律，A-T，C-G。A不正确。故选E。,,E,DNA分子中A与T的含量不同,同一个体成年期与少儿期碱基组成不同,同一个体在不同营养状态下碱基组成不同,同一个体不同组织碱基组成不同,不同生物来源的DNA碱基组成不同,ATEST,41000017,,9,37,35
下列有关DNA双螺旋结构的叙述，错误的是,DNA链中脱氧核苷酸（碱基）的排列顺序，称DNA的一级结构。核苷酸之间由前一核苷酸的3′-OH与下一位核苷酸的5′-P形成3′，5′-磷酸二酯键。DNA的二级结构是双螺旋结构，两条链呈反向平行，碱基互补配对，同一方向上，一条链的走向是5′→3′，另一条链的走向是3′→5′。D说法错误，答案选D。,,D,DNA双螺旋以右手螺旋的方式围绕同一轴有规律地盘旋,DNA双螺旋由两条以脱氧核糖-磷酸作骨架的双链组成,DNA双螺旋是核酸二级结构的重要形式,两股单链从5′至3′端走向的空间排列相同,两碱基之间的氢键是维持双螺旋横向稳定的主要化学键,ATEST,41000018,,9,37,35
维持DNA双螺旋结构稳定的因素有,根据题意应分析DNA双螺旋结构，影响DNA双螺旋结构稳定性的主要因素有：碱基堆积力、氢键、离子键、范德华力。DNA双螺旋结构在生理条件下是很稳定的，维持这种稳定性的主要因素包括两条DNA链之间碱基配对形成的氢键和碱基堆积力。结合选项分析，本题选B。,DNA双螺旋结构,B,分子中的3'，5'-磷酸二酯键,碱基对之间的氢键,肽键,盐键,主链骨架上磷酸之间的吸引力,ATEST,43000017,,9,37,35
DNA分子较RNA分子在化学结构上更为稳定的原因是,戊糖是核苷酸的重要组分。脱氧核糖核苷酸中的戊糖是β-D-2脱氧核糖，核糖核苷酸中的戊糖是β-D-核糖。核糖存在于RNA中，脱氧核糖存在于DNA中。戊糖的结构差异使得DNA分子较RNA分子在化学上更稳定。,,A,两者所含戊糖不同,两者所含碱基不同,两者所含核苷酸不同,两者核苷和磷酸之间的结合键不同,两者所含核酸不同,ATEST,43000018,,9,37,35
生物体内核苷酸中的磷酸基团最常位于戊糖的,生物体内多数核苷酸都是5'核苷酸，即磷酸基团位于核糖的第5位碳原子C-5'上。,,D,C-2'上,C-3'上,C-4'上,C-5'上,C-6'上,ATEST,43000019,,9,37,35
核酸分子中对遗传信息的携带和传递起关键作用的结构是,DNA和RNA对遗传信息的携带和传递，是依靠碱基排列顺序变化而实现的。碱基排列顺序的不同赋予它们巨大的信息编码潜力。,,D,核糖,磷酸基团,磷酸戊糖骨架,碱基序列,脱氧核糖序列,ATEST,43000020,,9,37,35
下列哪类核酸常含有稀有碱基,tRNA含有多种稀有碱基。稀有碱基是指除A、G、C、U外的一些碱基，包括双氢尿嘧啶(DHU)、假尿嘧啶核苷和甲基化的嘌呤等。,,B,mRNA,tRNA,rRNA,hnRNA,μRNA,ATEST,43000021,,9,37,35
符合DNA双螺旋结构的正确描述是,①DNA是反平行的互补双链结构，碱基位于内侧，两条碱基间严格按A=T，G；C配对存在，因此A+G与C+T的比值为1。由脱氧核糖和磷酸基团组成的亲水性骨架位于双链的外侧。一条链的走向为5'→3'，另一条为3'→5'。②DNA为右手螺旋结构。螺旋直径2.37nm，螺距3.54nm。每一螺旋有10.5个碱基对，每个碱基对之间的相对旋转角度为36°。每两个相邻的碱基对平面之间的垂直距离为0.34nm。③横向稳定性靠双链碱基间的氢键维系；纵向稳定性靠碱基平面间的疏水性堆积力维系，尤以碱基堆积力最重要。,,A,脱氧核糖核酸和磷酸骨架位于双链外侧,两股链平行，走向相同,每个碱基对之间的相对旋转角度为360°,螺旋的螺距为0.54nm，每周含3.6对碱基,两股螺旋链相同,ATEST,43000022,,9,37,35
DNA的一级结构是指,核酸包括DNA和RNA两类，核酸的基本组成单位是核苷酸。DNA和RNA都是由核苷酸组成，核苷酸在核酸长链上的排列顺序，就是核酸的一级结构。,DNA与RNA,D,多聚A结构,核小体结构,双螺旋结构,核苷酸排列顺序,多聚P结构,ATEST,43000023,,9,37,35
DNA的二级结构是指,DNA的一级结构是指碱基排列顺序，二级结构是指DNA的双螺旋结构，三级结构是指DNA的超螺旋结构。α-螺旋和β-折叠是蛋白质的二级结构。,,E,单螺旋结构,β-折叠,超螺旋结构,α-螺旋,双螺旋结构,ATEST,43000024,,9,37,35
DNA在细胞核内形成致密结构的第一层次折叠,核小体是DNA在核内形成致密结构的第一层次折叠，使得DNA的体积压缩了6～7倍。第二层次折叠是核小体染色质细丝进一步盘绕成中空状螺线管。第三层次折叠是染色质纤维空管进一步形成超螺线管。,,D,形成染色体,形成中空状螺线管,形成超螺线管,是核小体,以上均正确,ATEST,43000025,,9,37,35
DNA分子中的碱基组成是,DNA的二级结构特点是双链双螺旋、两条链反向平行、碱基向内互补(A-T，G-C)。,,E,U=T,T=G,A=C,C+G=A+T,A+C=G+T,ATEST,43000026,,9,37,35
在核酸中含量相对恒定的元素是,无论哪种单核苷酸（组成核酸的单位），它的磷含量是恒定的，而C、H、O和N却含量不一。,,E,氧,氮,镁,碳,磷,ATEST,43014447,,9,37,35
下列选项中，存在于核酸分子中的碱基有,DNA和RNA中含有的嘌呤碱主要为腺嘌呤（A）和鸟嘌呤（G）；组成DNA的嘧啶碱主要有胸腺嘧啶（T）和胞嘧啶（C），RNA分子中主要为尿嘧啶（U）及胞嘧啶。,,D,1种,3种,4种,5种,7种,ATEST,43014448,,9,37,35
合成DNA的原料是,,,C,dADP、dGDP、dCDP、dTDP,dAMP、dGMP、dCMP、dTMP,dATP、dGTP、dCTP、dTTP,AMP、GMP、CMP、dTMP,ADP、GDP、CDP、TDP,ATEST,43014450,,9,37,35
有关RNA分类、分布及结构的叙述，错误的是,胞质中有mRNA、tRNA和rRNA。,,C,tRNA分子量比mRNA和rRNA小,主要有mRNA、tRNA和rRNA三类,胞质中只有mRNA,rRNA可与蛋白质结合,RNA并不全是单链结构,ATEST,43014451,,9,37,35
tRNA分子上3[SBDY.gif]端序列的功能是,tRNA的3[SBDY.gif]端是CCA-OH这一序列，是tRNA结合和转运任何氨基酸而生成氨基酰-tRNA时所必不可少的，激活的氨基酸连接于此3[SBDY.gif]末端羟基上。,,D,提供-OH基与糖类结合,剪接修饰作用,与RNA结合的组分,提供-OH基与氨基酸结合,辨认mRNA上的密码子,ATEST,43014457,,9,37,35
"mRNA的5′端""帽子""结构是",mRNA的加工修饰包括5′端形成帽子结构、3′端加polyA、剪接除去内含子和甲基化。在5′端，成熟的真核生物mRNA有GpppmG结构，称为甲基鸟苷帽子。故1题选A。所有的tRNA均有类似的三叶草结构，此结构的共同特点为3′端含CCA-OH序列。故2题选E。,,A,GpppmG结构,多聚A结构,hnRNA,假尿嘧啶核苷,CCA-OH结构,BTEST,41000019,,9,37,35
核酸分子中核苷酸之间的连接方式是,核酸分子中核苷酸之间的连接方式是3'，5'-磷酸二酯键。横向稳定性靠双链碱基间的氢键维系。纵向稳定性靠碱基平面间的疏水性堆积力维系，尤以碱基堆积力最重要。,,E,糖苷键,疏水堆积力,氢键,β-折叠,3'，5'-磷酸二酯键,BTEST,43000027,,9,37,35
